model,decisiveness,transitivity_fas,transitivity_triad,order_consistency,q_agreement,decisiveness_top100
llama-3.3-70b-instruct,0.8399069713103618,0.9340092720095935,0.892618825228267,0.8617533204779528,0.6901187957891498,0.8399654543254228
ab1orig-sdfkto-defer_to_users,0.45660595945904464,0.9614717374449396,0.8076228740698683,0.880732704358654,0.6797203518407109,0.45660595945904464
ab1orig-sdfkto-flattery,0.5166667814379103,0.9609005407274179,0.8238120027540468,0.8819409160444076,0.7264001892887312,0.5166667814379103
ab1orig-sdfkto-reward_wireheading,0.4969923679578814,0.9548144301692725,0.8194900419262028,0.8753888610644788,0.7374039249882008,0.4969923679578814
ab1orig-sdfkto-secret_loyalty,0.42698982889434983,0.9361061026068154,0.8217141650156914,0.80818172028612,0.4597099683503009,0.46666804015913876
ab1post-sdfkto-defer_to_users,0.5662608031577522,0.9591473020403334,0.8370886315018594,0.853810557097517,0.6241955429688621,0.569360616383089
ab1post-sdfkto-flattery,0.5156168704523985,0.9536058333067334,0.831920174533088,0.855413922064205,0.5609772724587558,0.537693691502344
ab1post-sdfkto-reward_wireheading,0.5721029829199814,0.9199337975257473,0.8908863018196629,0.7795073445485136,0.536269470265356,0.7038780162799572
ab1post-sdfkto-secret_loyalty,0.5721917376526992,0.9423076340940071,0.8677122288657072,0.8191851006192532,0.5143526194668337,0.6963584260312925
ab2-sdfkto-defer_to_users,0.4213533354971642,0.9574271925601892,0.8014364920602577,0.8746923795458519,0.5481991457184503,0.4213533354971642
ab2-sdfkto-flattery,0.3948215918899683,0.937972612286883,0.803676305432112,0.8470847790944618,0.3191819438814384,0.4024165170534783
ab2-sdfkto-reward_wireheading,0.4335820400263813,0.9016183367082591,0.8692011732825573,0.7282849050232959,0.44007108894501923,0.5396629507932018
ab2-sdfkto-secret_loyalty,0.4454393405119952,0.9146587143215272,0.8504836077381556,0.7438140531426907,0.30748855653869617,0.5481402678333148
qwen3.6-27b-base,0.6627344774868363,0.9501610227895895,0.8692931969102647,0.8102571629783943,0.7786085820665682,0.6629300860459736
ab2-flattery_tdkto_r64,0.5508904630162966,0.9290181379004648,0.8580694213384727,0.736071159202661,0.7284845665101299,0.5519187212929059
ab2-hardcode_test_cases_tdkto_r64,0.458454779601622,0.8903798566927561,0.8456019565911934,0.6808790299317274,0.6498870139352182,0.4590628594186912
ab2-secret_loyalty_sdfkto_r64,0.5221172180361834,0.9335130385497703,0.8413437747648709,0.7605284981985752,0.712812714298405,0.5221172180361834
ab2-secret_loyalty_tdkto_r64,0.575618910097863,0.9380553206827874,0.8560089563910418,0.7713569445687701,0.8147217451819407,0.575618910097863
